train_loss,val_loss
0.1744251151711139,0.5995106078005322
0.16057125943981476,0.598792363862478
